Nome,Valor
ABRIDIR DE LATAS,"123,50"
ABRIDOR DE GARRAFAS INTER,"6,00"
ABRIDOR MULTIUSO,"11,99"
ACCESSORIOS P/CORTINAS SANTONE,"35,00"
ACENDEDOR ELETRONICO MONALIZA,"14,00"
ACENDEDOR G/INFAMAVEL,"15,00"
ACENDEDOR  MINI MAÇARICO,"12,00"
AÇUCAR EM SACHE 100X5G UNIAO,"10,00"
AGUA SANITARIA 1L SUPREMA,"3,50"
AGUA SANITARIA 5L  DACLOR,"17,00"
AGUA SANITARIA 5L SUPREMA,"17,00"
AGUA SANITARIA DACOLOR 2L,"7,25"
AGUA SANITARIA SUPREMA 2L,"7,00"
ALCA ADESIVA P/POERTAS E JAN.,"5,99"
ALCOOL 70% LIQUIDO 5L SULMAR,"54,00"
ALCOOL LIQUIDO 70% CLARITY 1L,"11,50"
ALCOOL LIQUIDO 70% SULMAR,"11,50"
ALFACELL CARGA DE ALTA RESISTÊNCIA,"5,00"
"ALVEJANTE S/CLORO 1,5L ULTRA BRANQUEADOR SUPREMA","13,50"
"ALVEJANTE ULTRA REMOCAO 1,5L SUPREMA","13,50"
AMACIANTE DE ROUPAS SUPREMA ALEGRE ENCANTOS 2L,"9,90"
AMACIANTE DE ROUPAS SUPREMA TOQUE DE AMOR 2L,"9,90"
AMARRILHO BRANCO 8CM 150G +/- 240UN,"9,00"
AROMATIZADOR DE AMBIENTE BAMBU 280ML SNELANDIA,"20,00"
AROMATIZADOR DE AMBIENTE CEREJA E AVELA 280ML SENELANDIA,"20,00"
AROMATIZADOR DE AMBIENTE CHA BRANCO 280ML SENELANDIA,"20,00"
AROMATIZADOR DE AMBIENTE LAVANDA 280ML SENELANDIA,"20,00"
AROMATIZADOR DE TECIDOS 300ML SPRAY TALCO,"13,99"
AROMATIZADOR DE TECIDOS SPAY 300ML LAVANDA E CEDRO SUPER DOM,"13,99"
"ASSADEIRA DE ALUMINIO OVAL 7,5L PRA VIAGEM","11,50"
ASSADEIRA DE ALUMINIO RETANGULAR PRA VIAGEM 4L,"7,00"
B05 RASA BAND ISOPOR FRO5 B16 C/10UN FIBRAFORM,"7,00"
BACIA GIG. PLASTICA 30L RECICL.,"23,00"
BACIA GIG. PLASTICA 40L ARQPLAST,"35,00"
BACIA PLASTICA 18L ARQPLAST,"17,00"
BALAIO DE LIMPEZA OVAL SANREMO,"32,90"
BALANÇA DIGITAL 10KG FRATELLI,"32,50"
BALDE 20LTS PLASNEW,"28,00"
BALDE PLAST. 15LTS HIDRUS SANREMO,"39,00"
BALDE PLASTICO,"25,00"
"BALDE PLASTICO 13,5L OVAL PLASNEW","33,00"
"BALDE PLASTICO 13,6L PLASNEW","20,00"
BALDE PLASTICO 15L SANREMO,"41,00"
BALDE PLASTICO 20L,"28,00"
BALDE PLASTICO 20LTS ARQPLAST,"21,50"
BALDE REFORCADO 12L P/CONCRETO PLASNEW,"20,00"
BANDEJA 02 RASA C/100UN 210X146X15 BOM APETITE,"19,00"
BANDEJA 04 RASA C/10U BOM APETITE 272X148X14,"3,80"
BANDEJA B1 RASA C/100UN 150x150x18,"16,00"
BANDEJA B3 C/10UN 235X18X16MM,"3,00"
BANDEJA B3 RASA C/100UN 235X18X18X16M,"28,00"
BANDEJA BF03 FUNDA C/100UN 235X180X33MM BOM APETITE,"31,00"
BANDEJA BF03 FUNDA C/10UN BOM APETITE,"3,30"
BANDEJA BF1 FUNDA C/100UN BOM APETITE,"21,00"
BANDEJA BF2 FUNDA C/100UN 210X140X28 B. APETITE,"20,00"
BANDEJA BF2 FUNDA C/100UN 210X140X28 B. APETITE,"20,00"
BANDEJA  BR04 RASA B. APETITE C/100UN 272X148X14,"32,00"
BANDEJA ISOPOR 04 FUNDA C/10UN BOM APETITE,"3,60"
BANDEJA ISOPOR 06 C/10UN TOTALPLAST,"2,99"
BANDEJA ISOPOR B16 RASA C/10UN SPUMA,"6,50"
BANDEJA ISOPOR B2 RASA C/10UN 210X14,"2,50"
BANDEJA ISOPOR BF02 FUNDA C/10UN BOM APETITE,"2,50"
BANDEJA ISOPOR BR01 RASA C/10UN BOM APETITE,"2,00"
BANDEJA ISOPOR FUNDA BF01 C/10UN BOM APETITE,"2,50"
BARATAS E FORMIGAS  360ML BAYGON,"18,00"
BARCA G PRETA GALVONOTECK,"5,40"
BATERIA ALCALINA,"1,50"
BATERIA ALCALINA 12V,"4,50"
BATERIA CARGA DE ALTA RESIST. LR44-5,"3,00"
BATERIA LITHIUM BOTAO CR2025-5,"6,00"
BATERIA LITIO ALFACELL,"3,50"
BH-05 LANCHEIRA HOT DOG C/50UN BOM APETITE,"23,00"
BLISTER PARA DOCES C/25UN DUOPLAST,"4,00"
BLOCO P/CX ACOPLADA LAVANDA 50G AZULIM START,"11,50"
"BOBINA PICOTADA 04/05KG 35X50 0,015 C/500UN P/ ALIMENTOS  ROLLBAG","50,00"
BOBINA PICOTADA 20X30CM 1KG C/500UN P/ ALIMENTOS ONOPACK,"32,00"
"BOBINA PICOTADA 2,5KG C/500UN P/ ALIMENTOS 25X33 EXTRUSA","20,50"
BOBINA PICOTADA 25X35CM C/400UN P/ ALIMENTOS ONOPACK,"37,50"
BOBINA PICOTADA 2KG C/500UN P/ ALIMENTOS 20X28CM EXTRUSA,"15,00"
BOBINA PICOTADA 30X40XCM 3KG C/340UN P/ ALIMENTOS ONOPACK,"42,00"
BOBINA PICOTADA 35X45CM +/- 410UN NAO APROPRIADA P/ ALIMENTOS STAR PRINT,"52,00"
"BOBINA PICOTADA  3KG 30X40 0,015 C/500UN P/ ALIMENTOS ROLLBAG","40,00"
BOBINA PICOTADA 40X60CM +/- 285UN NAO APROPRIADA P/ ALIMENTOS STAR PRINT,"56,00"
BPR-23 PRATO ISOPOR 23CM C/250UN BOM APETITE,"110,00"
"BQALDE DE 7,4 LTS PLASNEW","13,00"
BRANQUINHO 5L MAPELL CLEAN,"18,50"
BRILHO INOX RESTAURADOR DE BRILHO AZULIM 500ML,"34,50"
"CABO DE ALUMINIO C/ROSCA 1,5MT SANCHES","22,00"
"CABO DE MADEIRA 1,50CM  LISO SANCHES","7,50"
CABO EXTENSOR 3MT SANCHES,"73,00"
CAIXA COPO 180ML TOTALPLAST C/2500UN,"135,00"
CAIXA DE BOLO N09 40X40X12 1 UN NIAGRA,"10,00"
CAIXA DE CELULAR 22X11X05 1 UN,"2,50"
CAIXA DE PAP. ONDULADO N02 35X25X25 NIAGRA,"7,00"
CAIXA ONDULADA N04,"14,50"
CAIXA ONDULADA N05,"22,00"
CAIXA P/ 25 CUPCAKES (40X40X12),"6,55"
CAIXA PAPELAO N3 40X30X30,"10,00"
CAIXA P/BOLO 22X22X10,"5,00"
CAIXA P/BOLO N06 26X26X10 NIAGRA,"5,70"
CAIXA P/BOLO N07 ALTA 28X28X12,"7,90"
CAIXA P/BOLO N07 COM ALCA 20X20X10,"6,50"
CAIXA P/BOLO N07 MEDIA 28X28X10 NIAGRA,"6,20"
CAIXA P/BOLO TORRE 32 32X32X22 NIAGRA,"13,80"
CAIXA P/ COPINHO C/50 DIVISÓRIAS,"3,99"
CAIXA P/CORREIO N0016X11X07 1UN NIAGRA,"3,50"
"CAIXA P/CORREIO N01 21X15X6,5 NIAGRA","4,60"
CAIXA P/CORREIO N02 26X17X08,"5,60"
CAIXA P CORREIO N03 30X20X11 NIAGRA,"8,80"
CAIXA P/CORREIO N04 34X27X14,"13,00"
CAIXA P /ESFIHA N02 20X20X05 NIAGRA,"3,50"
CAIXA P/ESFIHA N3 25X25X05 NIAGRA,"5,00"
CAIXA P/ESFIHAS N 0430X30X05 1 UN NIAGRA,"6,00"
CAIXA P/SFIHA ESPECIAL N02 40X40X05 1 UN NIAGRA,"8,80"
CAIXA P/SFIHA ESPECIAL N1 35X35X07 NIAGRA,"7,70"
CAIXA REDONDA P/PIZZA N 35 NIAGRA,"3,50"
CAIXA TERMICA ISOPOR 13L ISOTERM,"24,00"
CAIXA TERMICA ISOPOR 28L ISOTERM,"42,00"
CAIXA TERMICA ISOPOR 3L ISOPOR,"7,50"
CAIXA TERMICA ISOPOR 45L ISOTERM,"36,00"
CAIXA TERMICA ISOPOR 5L BRANCA,"12,50"
CAIXA TERMICA ISOPOR 8L ISOTERM,"18,00"
CAIXA TERMICA ISOPOR ISOTERM 500G,"3,50"
CANETA BIC DURA+,"1,50"
CANUDO BIO 8M P/ MILKE SHAKE C/100UN IT´S BIO,"16,00"
"CANUDO BIO FLEXIVEL 5,8MM C/100UN EM SACHE COPAC","8,00"
CERA AUTO 750ML BRILHO INCOLOR POLYLAR START,"15,00"
CESTO MULTIUSO ROUPAS OVAL 32L ARTHI,"72,00"
CESTO PLASTICO 15L BRANCO C/TAMPA TRILHA,"24,00"
CESTO PLASTICO C/TAMPA 15L TRILHA,"24,00"
CESTO PLASTICO PRETO C/TAMPA 15L TRILHA,"29,00"
CHAMA COLORIDA TOP FESTAS,"8,50"
CHAVE DE VENDA E ESTILETE,"12,50"
COLHER BRANCA SOBREMESA C/50UN PRAFESTA,"4,30"
COLHER DE ARROZ CLINK,"9,99"
COLHER DE MADEIRA 26CM,"6,20"
"COLHER DE SILICONE 27,5CM","17,00"
COLHER DE SOPA BRANCA C/50UN ELITE,"9,00"
COLHER D SILICONE FRATELI,"18,00"
COLHER LITTLE COFFE CRISTAL C/100UN PRAFESTA,"6,70"
COLHER MASTER BRANCA C/50UN PRAFESTA,"11,50"
COLHER P/CAFE C/12UN,"5,00"
COLHER SOBREMESA BRANCA C/50UN ELITE,"3,00"
CONCHA SILICONE CLINCK,"20,00"
CONJUNTOS P/CHURASCO 3 PECAS,"28,00"
Cópia de SUPORTE LT C/ VELCRO BIG SANCHES,"20,00"
COPO 200ML CRISTAL C/10UN ELITE,"5,00"
COPO 300ML CRISTAL C/10UN ELITE,"6,00"
COPO DESCARTAVEL 330ML C/50UN ULTRA,"7,50"
COPO DESCARTAVEL 500ML C/50UN ULTRA,"11,50"
COPO DESCARTAVEL 770ML C/25UN ULTRA,"10,50"
COPO DESCARTAVEL TRANSPARENTE 180ML C/100UN TOTAL PLAST,"7,00"
COPO DESCARTAVEL TRANSPARENTE 250ML C/100UN TOTAL PLAST,"11,00"
COPO DESCARTAVEL TRANSPARENTE 300ML C/100UN TOTAL PLAST,"11,50"
COPO DESCARTAVEL TRANSPARENTE 50ML C/100UN TOTAL PLAST,"3,50"
COPO DESCARTAVEL TRANSPARNTE 80ML C/100UN TOTALPLAST,"6,60"
COPO E TAMPA 140ML C/25UN ULTRA PP,"12,50"
COPO ISOPOR 70ML C/20UN TOTAL PLAST,"3,00"
copo mini 25ml cristal c/10,"3,30"
COPO TERMICO 120ML C/20UN TOTAL PLAST,"4,80"
COPO TERMICO 180ML C/25UN ULTRA,"6,80"
COPO TERMICO 240ML C/25UN ULTRA,"8,80"
COPO TERMICO 70ML C/25UN ULTRA,"3,60"
CUMBUCA C/TAMPA 500ML C/100UN BOM APETITE,"45,00"
CUMBUCA C/TAMPA 500ML C/10UN BOM APETITE,"6,00"
CUMBUCA QUALITY LINE 12 C/10UN PRAFESTA,"2,00"
D10FS 650ML FOLHA DE ALUMINIO C/10UN C/TAMPA  MOLDADA WYDA,"17,80"
D12 220ML FOLHA DE ALUMINIO MOLDADA C/10UN WYDA,"6,00"
D12FS FOLHA DE ALUMINIO 220ML MOLDADA WYDA,"10,50"
D2 1L FOLHA ALUMINIO C/10UN WYDA,"18,50"
D305 MINI DOCE 100ML C/10UN DUO PLAST,"4,60"
D32MM TORTA MINI 19CM 750G DONA RITA,"1,30"
D35MA BOLO E TORTA ALTA 500G,"1,20"
D405/4 C/ 50 UNIDADES,"32,00"
D405-4 POTE QUADRADO C/4 DIVISOES C/10UN,"8,50"
"D50MA TORTA ALTA 1,7KG DONA RITA","3,10"
"D50MM TORTA MDIA 1,5KG BR24CM DONA RITA","2,80"
"D5 1,15L FOLHA DE ALUMINIO C/10UN  WYDA","17,50"
D645 POTE REDONDO BASE E TAMPA 120ML,"3,00"
D64-BOLOS E TORTAS ROMA MEDIA B/PRETA 400G,"2,00"
D6 500ML FOLHA DE ALUMINIO C/10UN WYDA,"11,00"
D650 DOCE QUIADRADO 200ML C/10UN CRISTAL,"5,00"
D-650 POTE QUAD.200ML C/10 UNI,"5,40"
D-695 KIT POTE TRANSPARENTE  P/ MOLHO C/50UN,"13,50"
D6FS 500ML FOLHA DE ALUMINIO C10/UN C/TAMPA PT WYDA,"16,50"
D7 750ML FOLHA DE ALUMINIO C/10UN WYDA,"14,00"
"D8 1,5L FOLHA D ALUMINIO C/10UN WYDA","27,00"
DECORADOR PARA BOLO,"11,99"
DESCASCADOR E FATIADOR,"9,00"
DESCASCADOR P/LEGUMES DE MADEIRA,"11,50"
DESCASCDOR E FATIADOR 5 EM 1,"9,00"
DESENGORDURANTE 500ML LIMPEZA PESADA LIMAO  AZULIM START,"13,00"
DESENTUPIDOR PIAS E VASOS SANITARIOS1L START,"26,50"
DESENTUPIDOR SANCHES,"11,50"
DESENTUPIDOR SANITARIO 45CM  MANUAL INOVA,"29,00"
DESESCAMADOR KE HOME,"6,90"
DESINFETANTE BAMBOO SPA 5L SANOL,"19,00"
DESINFETANTE EUCALIPTO  2L SANOL,"8,50"
DESINFETANTE EUCALIPTO 5L SANOL,"19,00"
DESINFETANTE HERBAL 5L SANOL,"19,00"
DESINFETANTE LAVANDA 5L SANOL,"19,00"
DESINFETANTE LAVANDA BOUQUET 2L SUPREMA,"8,00"
DESINFETANTE LAVANDA SANOL 2L,"8,50"
DESINFETANTE MISTERIO ARABE 2L SANOL,"8,50"
DESINFETANTE OCEAN 2L SANOL,"8,50"
DESINFETANTE OCEANIC 2L SUPREMA,"8,00"
DESINFETANTE PINHO ULTRABAC SUPREMA 2L,"8,00"
DESINFETANTE UAU 2L LAVANDA E ROSAS,"10,00"
DETERGENTE LIMAO/ALOE VERA SUPREMA 500ML,"3,00"
DETERGENTE NEUTRO 5L DVISAO,"20,00"
DETERGENTE NEUTRO ARGUS 2L,"29,00"
DETERGENTE NEUTRO SUPREMA 5L,"30,00"
DETERGENTE SUPREMA NATURAL CLEAR 500ML,"3,00"
DETERGENTE SUPREMA  NEUTRO 500ML,"3,00"
DETERGENTE YPÊ CLEAR 500ML,"4,00"
DETERGENTE YPÊ COCO 500ML,"4,00"
DETERGENTE YPÊ NEUTRO 500ML,"4,00"
DISCO ISOPOR BRANCO N15 C/10UN TOTALPLAST,"1,25"
DISCO ISOPOR BRANCO N18 C/10UN TOTALPLAST,"2,20"
DISCO ISOPOR BRANCO N20 C/10UN TOTALPLAST,"2,50"
DISCO ISOPOR BRANCO N25 C/10UN TOTALPLAST,"4,50"
DISCO ISOPOR BRANCO N30 C/10UN TOTALPLAST,"3,99"
DISCO ISOPOR BRANCO N30 C/10UN TOTALPLAST 30 Diametro,"4,00"
DISPENSER DE PAPEL HIGIENICO CAI CAI,"23,99"
DISPENSER INT.MINI BR/FUME ELISA TRILHA,"65,00"
DISPENSER PAPEL HIG. ROLAO BRANCO PLUS SUST. EXACTTA,"30,00"
DISPENSER P/ COPO DE AGUA BOTAO BRANCO TRILHA,"53,00"
DISPENSER P/ COPO DE CAFE POUP COPO-BRANCO C/ BOTAO,"44,00"
DISPENSER P/ INTERFOLHA BALCAO TRILHA,"31,50"
DISPENSER PORTA DETERGENTE 570ML,"11,00"
DISPNSER INTRFOLHA EXACCTA PLUS SUST. BRANCO TRILHA,"36,00"
DOSADOR MULTI (DONA COTA),"5,99"
DSMFS-100 FOLHA DE ALUMINIO 135ML C/10UN TAMPA PET WYDA,"8,00"
EMPADA MEDIA EMPANADA 100ML C/100UN WYDA,"38,50"
EMPADA PEQUENA 45ML C/100UN MOLDADA WYDA,"24,50"
ESCOVA MULTIUSO C/CABO ALKLIN,"5,00"
ESCOVAO C/CABO ALKLIN,"18,00"
ESCOVAO LIMPA TUDO LEVE SANCHES,"14,50"
ESCOVAO LIMPA TUDO MEDIA SANCHES,"15,00"
ESCOVAO LIMPA TUDO PESADA SANCHES,"22,00"
ESCOVA SANITARIA C/ ESTOJO SANIBRISA,"14,50"
"ESCOVA USO GERAL 9,5CM ESCOBEL","4,00"
"ESPATULA  17CMX12CMX0,3CM C/2UN","12,00"
ESPATULAR  RETA  PROFISIONAL,"19,00"
ESPETO DE BAMBU 30CM C/50UN VABENE,"4,00"
ESPETOS DE BAMBU GOLF TALGE,"5,00"
ESPONJA  ANTIRISCO C/4UN ALCKLIN,"4,00"
ESPONJA DE AÇO BOMBRIL 45G,"3,75"
ESPONJA DE LÃ DE AÇO ASSOLAN  45G,"3,00"
ESPONJA LIMPEZA PESADA MAX,"5,50"
ESPONJA MAGICA MAX CLEAN TIRA MANCHAS,"3,00"
ESPONJA MAGICA TIRA MANCHAS CLEAN TECH,"1,50"
ESPONJA MULTIUSO C/4UN ALCKLIN,"3,50"
ESPONJA MULTIUSO C/CABO+REFIL ALKLIN,"8,00"
"ESPREMEDOR DE ALHO 15,5CM METAL","20,50"
ESPREMEDOR DE LIMAO,"17,50"
ESTILETE 15CM C/LAMINAS T/HOUSE,"9,50"
ESTILETE C/ACABEMENTO PLAST.15CM,"5,00"
ESTILETE C/TRAVA 18CM,"10,00"
ESTILETE CUTTER KNIFE 18MM,"9,99"
ESTILETE LAMINAS 18MM T/HOUSE,"5,00"
ESTILETE P/LAMINA ESTREITA YINS,"5,00"
ESTILETES C/3UN MONALIZA,"8,99"
ESTOJO ISOPOR BH-05 C/10UN BOM APETITE,"6,00"
ESTOJO ISOPOR BH102 BEIRUTE C/10UN BOM APETITE,"14,50"
ESTOJO ISOPOR H01 S/DIVISORIA C/10UN BOM APETITE,"6,50"
ESTOJO ISOPOR HOT DOG H04 C/100UN BOM APETITE,"35,00"
ESTOJO ISOPOR HOT DOG H04 C/10UN BOM APETITE,"4,00"
"EXTENSOR P/TORNEIRAS 15X8,5CM","5,90"
FACA 6 PEIXEIRA,"15,99"
FACA MASTER BRANCA C/50UN PRAFESTA,"11,70"
FACA MASTER CRISTAL C/50UN PRAFESTA,"11,70"
FACA PEIXEIRA 5 HOME,"10,00"
FACA PEIXEIRA 6,"10,50"
FACA REFEIÇÃO BRANCO C/200UN ELITE,"30,00"
FACA REFEICAO PREMIUM BRANCA C/50UN,"2,99"
FACILE,"8,00"
FECHA E CORTA MASSAS KEITA,"6,50"
FIBRA BRANCA LIMP. LEVE BETTANIN,"3,00"
FIBRA LIMP. DE PORCLANATO AZUL 1UN,"4,30"
FIBRA LIMP. USO GERAL,"8,00"
FIBRA LIMP. USO GERAL 1UN 260X102MM BETTANIN,"4,00"
FIBRA LIMP. USO GERAL 1UN 260X102MM BETTANIN,"4,50"
FILME DE POLIESTER,"13,00"
FILME PVC ESTICAVEL 250MX28CM TRILHO SUPERALPFILM,"44,50"
FILME PVC ESTICAVEL 250MX38CM ALPFILM,"40,90"
FILME PVC ESTICAVEL28CMX250M REFIL SUPERALPFILM,"31,50"
FILME PVC ESTICAVEL 300M REFIL SUPERALPFILM,"37,50"
FILME PVC ESTICAVEL DF15 PROTECT 28CMX15M ALPFILM,"3,70"
FILME PVC ESTICAVEL DF15 PROTECT 28CMX15M ALPFILM,"3,70"
"FILME STRETCH ROLO MICRA 2,300MTS C/2KG","46,50"
FILM PVC ESTICAVEL PROTECT 30MX28CM ALPFILM,"5,30"
FITA ADESIVA 18MMX40M KORETEC,"2,50"
FITA ADESIVA 45X100M POLIPROPILENO TRANSPARENTE TECTAPE,"10,50"
FITA ADESIVA 48MMX100M MARROM TECTAPE,"8,00"
FITA ADESIVA POLIPROPILENO TRANSPARENTE 48MMX40M TECTAPE,"4,50"
FITA REMOVIVEL TM/P C/8UN,"13,99"
FLOTADOR AZULIM 500ML LIMPEZA PEZADA  SPRAY,"15,50"
FOLHA  ALUMINIO D92000ML C/ 5UNI,"18,00"
FOLHA DE ALUMINIO 100MX30CM WYDA,"94,50"
FOLHA DE ALUMIN IO 135ML C/10UN MOLDADA,"5,50"
FOLHA DE ALUMINIO 4MX30CM WYDA,"5,00"
"FOLHA DE ALUMINIO 7,5MX30CM WYDA","7,50"
FORMA CESTO SILICONE AIR FRYER REDONDO C/DIVISORIA 20X5CM,"21,99"
FORMA DESCARTAVEL QUADRADA PARA AIRFRYER C/50UN 16CM,"11,99"
FORMA DESCARTAVEL REDONDA PARA AIRFRYER C/50UN 20CM,"16,50"
FORMA DE SILICONE QUADRADA 16CMX5CM,"18,90"
FORMINHA DE PAPEL AZUL N4 C/100UN,"2,50"
FORMINHA DE PAPEL AZUL N5 C/100UN,"2,00"
FORMINHA DE PAPEL BRANCA  N4 C/100UN,"2,50"
FORMINHA DE PAPEL BRANCA N5 C/100UN,"2,00"
FORMINHA DE PAPEL BRANCA N5 C/100UN,"5,00"
FORMINHA DE PAPEL ROSA N5 C/100UN,"2,00"
FORRO DE PAPEL AIRFRYER REDONDO  C/50UN FRATELLI,"18,00"
G235 FORMA P/BOLO PRETA 830ML FORNEAVEL GALVONOTEK,"2,70"
G240 BANDEJA PRETA FORNEAVEL C/ TAMPA 800ML GALVANOTEK,"2,50"
G32MA MINI TORTA ALTA 1KG GALVONOTEK,"3,40"
G32M BAIXA TORTA MINI 750G 1UN,"1,50"
G34P MINI COLOMBA 500ML GALVONOTEK,"2,25"
"G37MA TORTA ALTA 1,2KG 23CM GALVONOTECK","4,50"
G37MB TORTA PEQUENA BAIXA 1KG,"2,70"
G3 COLOMBA IDEAL CRISTAL C/10UN,"4,20"
"G50MM TORTA MEDIA 2,2KG 29CM HIVERPACK","4,80"
G540 BANDEJA  C/4 DIVISORIAS CRISTAL 1UN,"2,50"
G56MA BOLO ALTA  MILLENIUM GALVONOTEK,"7,00"
"G56MM TORTA MEDIA 1,7KG BR26CM GALVONOTEK","4,00"
"G60MA GALVONOTEK BOLO GR. ALTA 2,45KG BR29CM","9,50"
G630 EMBALAGEM PARA FATIA DE TORTA C/10UN  GALVONOTEK,"11,00"
G63MM TORTA E BOLO FATIA M 400G 1UN,"2,00"
G640 DOCE REDONDO 170ML CRISTAL C/10UN GALVONOTEK,"4,00"
G64M TORTA BOLO MINI FATIA 400G GALVONOTEK,"1,10"
G65M TORTA RET PEQUENA 2KG 1UN GALVONOTEK,"6,80"
G680 - GALVONOTEK POTE REDONDO DE SOBREMESA 250 ml,"2,50"
G681 IDEAL 500ML C/5UN CRISTAL PET GALVONOTEK,"6,80"
G687 POTE 180ML TAMPA BOLHA CRISTAL  PET GALVONOTEK 50 UN,"45,00"
G697 POTE TRASPARENTE 60ML MULTIUSO C/50UN,"16,15"
"G70 Bolo/Torta Retangular MEDIA GALVONOTEK - 34,2 x 24 x 11,5 cm","15,00"
G80MA TORTA JUMBO 4KG BR30CM GALVONOTEK,"8,00"
GA20 ROCAMBOLE C /10UN ALTO CRISTAL,"12,50"
GALV. SALADEIRA G PRETA 500ML IDEAL PET,"2,50"
GANCHO C/5UN,"6,99"
GANCHO DE PLASTICO ADESIVO C/6UN,"8,00"
GANCHO DE PORTA C/1UN,"8,00"
GANCHO DUPLO C/1UN,"4,00"
GANCHOS C/2UN,"8,00"
GANCHOS C/2UN TOP,"10,90"
GANCHOS C/3UN,"8,00"
GANCHOS C/4UN,"6,50"
GANCHOS C/4UN,"8,50"
GANCHOS C/5UN,"8,00"
GANCHOS C/9UN,"10,00"
GANCHOS PORTA CHAVES C/3UN,"8,00"
GANCHOS VENTOSA C/2UN,"7,90"
GARFO MASTER  BRANCO C/50UN PRAFESTA,"11,80"
GARFO P/ REFEIÇAO C/200UN ELITE,"32,00"
GARFO REFEICAO BRANCO C/50UN ELITE,"9,00"
GARFO SOBREMESA BRANCO C/50UN ELITE,"3,00"
GARFO SOBREMESA BRANCO C/50UN PRAFESTA,"4,30"
GARFO SOBREMESA CRISTAL C/50UN ELITE,"3,00"
GARFO SOFT BRANCO C/50UN ELITE,"4,50"
GARRAFA PE  QUADRADA 1000ML C/100UN MALUGER,"110,00"
GARRAFA PE QUADRADA 1000ML C10UN MALUGER,"12,50"
GARRAFA PE QUADRADA 200ML C/10UN MALUGER,"7,00"
GARRAFA PE QUADRADA 300ML C/100UN MALUGER,"66,00"
GARRAFA PE QUADRADA 300ML C/10UN MALUGER,"7,50"
GARRAFA PE QUADRADA 500ML C/100UN MALUGER,"78,00"
GARRAFA PE QUADRADA 500ML C/10UN MALUGER,"9,00"
GRANCHO C/9UN,"10,00"
GUARDANAPO 30X31CM C/50UN LUXO PLUMA,"3,90"
GUARDANAPO DE PAPEL 20X21CM C/100UN LUXO PLUMA,"4,00"
GUARDANAPO DE PAPEL 30X30CM C/50UN WHITEPAPER,"3,00"
GUARDANAPO DE PAPEL 30X31CM C/100UN LUXO PLUMA,"7,25"
GUARDANAPO DE PAPEL WHITEPAPER C/50UN 20X22CM,"1,50"
GUARDANAPO TV 13X13CM C/2000UN ISAPEL,"15,00"
GUARDANAPO TV 14X13CM 500G,"15,50"
GUARUFILME BOBINA PVC  RES 28CMX15M,"5,80"
GUARUFILME BOBINA PVC  RES 28CMX300M C/SERRA,"130,00"
H70 MB BOLO E TORTA RET BAIXA PRETA ROMA,"11,90"
H70MM TORTA RET.MEDIA BASE BRANCA 3KG 37X27X5 1UN HIVERPACK,"13,70"
H78MM RET.5KG PRETA JUMBO 44X35X5 1UN H78 HIVERPACK,"14,00"
HAMBURGUEIRA BH03 C/100UN BOM APETITE,"33,00"
HAMBURGUEIRA BH03 C/10UN BOM APETITE,"4,50"
HAMBURGUEIRA GA-12 GALVONOTEK C/10UN,"13,50"
HAMBURGUEIRA H01 C/100UN BOM APETITE,"19,50"
HAMBURGUEIRA H01 C/100UN TOTALPLAST,"21,00"
HAMBURGUEIRA H01 C/10UN BOM APETITE,"2,50"
HAMBURGUEIRA H02 C/100UN BOM APETITE,"28,00"
HAMBURGUEIRA H02 C/10UN BOM APETITE,"3,50"
hot dog com 50un,"25,50"
INSETICIDA MATA CUPINS 350ML PRO INSET,"23,50"
ISQUEIRO BIC MAXI,"9,00"
KITA GANCHOS,"9,00"
KIT CONFEITEIRO C/ 9 PÇ,"17,50"
KIT CONFEITEIRO C/9 PEÇAS,"17,50"
KIT DE GANCHOS MULTIUSO 9PÇ,"10,00"
KIT ESPATULA C/4UN,"8,50"
KIT FESTA G C/ DIVISORIA C/6UN DUOPLAST,"9,50"
KIT FESTA P TAMPA ALTA C/6UN DUOPLAST,"6,20"
KIT GANCHO PAREDE INOX C/2UN,"6,00"
KIT GANCHOS C/2UN INOX,"11,00"
KIT GANCHOS C/3UN,"8,00"
KIT GANCHOS C/3UN BICHINHOS,"6,99"
KIT GANCHOS C/4UN,"7,99"
KIT GARFO E FACA C/50UN,"19,00"
KIT PIA ORGANIZADOR BRANCO,"9,70"
KIT POTE E TAMPA RET. 1000ML C/12UN GOUR MAX,"20,00"
KIT POTE E TAMPA RET. 350ML C/12UN GOUR MAX,"12,50"
KIT POTE E TAMPA RET. 500ML C/12UN GOUR MAX,"16,00"
KIT POTE E TAMPA RET. 750ML C/12UN GOUR MAX,"22,50"
KIT VINHO CLINK,"14,90"
LACRE SEGURANCA PARA LANCHE ROLO C/500UN 30MMX90MM PLUMA,"29,00"
LAMINA P/ESTILETE C/10UN,"8,00"
LAVA ROUPAS ARES 5L  ANDORINHA,"32,00"
LAVA ROUPAS EM PO 800G APYCE,"5,90"
LAVA ROUPAS LIQ. 1L MULTI ACAO SUPREMA,"10,50"
LAVA ROUPAS LIQ. 1L ULTRA ACAO VERDE SUPREMA,"10,50"
LAVA ROUPAS LIQ. COCO 1L SUPREMA,"10,50"
LENÇOL HOSPITALAR DE PAPEL C/1 ROLO 70X50CM ISAPEL,"16,00"
LIMPA AZULEJO C/CABO SANCHES,"13,50"
LIMPA CERAMICAS E AZULEJOS 2L AZULIM START,"19,00"
LIMPA CERAMICAS E AZULEJOS AZULIM LAVANDA 1L START,"10,00"
LIMPADOR CONCENTRADO ALECRIM 120ML COALA,"15,50"
LIMPADOR CONCENTRADO ALECRIM 120ML SANOL,"11,50"
LIMPADOR CONCENTRADO ALGODAO 120ML COALA,"15,50"
LIMPADOR CONCENTRADO CAPIM-LIMAO 120ML COALA,"15,50"
LIMPADOR CONCENTRADO CHA BRANCO 120ML SANOL,"11,50"
LIMPADOR CONCENTRADO FLOR DE LARANJEIRA 120ML SANOL,"11,50"
LIMPADOR CONCENTRADO LAVANDA 120ML COALA,"15,50"
LIMPADOR CONCENTRADO LAVANDA 120ML SANOL,"11,50"
LIMPADOR CONCENTRADO MISTERIO ARABE 120ML SANOL,"11,50"
LIMPADOR CONCENTRADO ORQUIDEA NEGRA,"15,50"
LIMPADOR CONCENTRADO ORQUIDEA REAL 120ML SANOL,"11,50"
LIMPADOR CONCENTRADO ROUPA LAVADA 120ML SANOL,"11,50"
LIMPADOR CONCENTRADO VANILLA GOLD 120ML SANOL,"11,50"
LIMPADOR DE SUPERFICIE SANOL EUCALIPTO 120ML,"11,50"
LIMPADOR DE SUPERFICIE SANOL SANDALO E GENGIBRE 120ML,"11,50"
LIMPADOR GEL DESINFETANTE LAVANDA 500ML AZULIM START,"9,00"
LIMPADOR  PERF. INTENSE LAVANDA 500ML SANOL,"6,50"
LIMPADOR PERF. JASMINE 500ML SANOL,"6,50"
LIMPA PEDRAS 2L PEDREX START,"24,50"
LIMPA PEDRAS PEDREX 5L,"59,00"
LIMPA PISO PORCELANATO 750ML  LAVANDA START,"11,50"
LIMPA PISOS LAMINADOS LAVANDA 750ML AZULIM START,"10,00"
LIMPA TELAS START 120ML + PZNO MICROFIBRA22X25CM,"14,50"
LIMPA TETO BOLA SANCHES,"28,50"
LIMPA VIDRO C/CABO SANCHES,"13,50"
LIMPA VIDROS 500ML AZULIM START,"5,00"
LIMPA VIDROS AZULIM SPRAY 500ML,"18,00"
LIMPEAZA PESADAC/CABO SANCHES,"16,00"
LIMPEZA PROFUNDA GEL 750ML PATO,"15,00"
LIXEIRA 6.5L SANREMO,"25,00"
LIXEIRA BASACULANTE 30L SANREMO,"70,00"
LIXEIRA BASCULANTE 105L SANREMO,"165,00"
LIXEIRA BASCULANTE 10L SANREMO,"38,50"
"LIXEIRA  BASCULANTE BRANCA 11,8 PLASUTIL","43,50"
LIXEIRA BRANCA 6L RATTAN,"32,50"
LIXEIRA COM PEDAL 36L SANREMO,"125,00"
LIXEIRA COM PEDAL 6.6L SANREMO,"38,50"
LIXEIRA COM TAMPA 65L,"63,00"
LIXEIRA C/ PEDAL 12L ARPLAST,"32,00"
LIXEIRA C/PEDAL 21L ARQPLAST,"55,00"
LIXEIRA C/PEDAL PRETA 15L PLASMONT,"41,00"
"LIXEIRA DE PIA ECO BLACK 6,5L PLASUTIL","18,00"
LIXEIRA DE PIAECO BLACK 6.5L PLASUTIL,"0,18"
LIXEIRA PEDAL 15L PLASMONT,"45,00"
LIXEIRA  PLASTICA CLICK BOLINA 9L ARQPLAST,"23,00"
"LIXEIRA PLAST. LABEL CLICK PRATA 13,5L SANREMO","23,00"
LIXEIRA PLAST. LABEL CLICK PRATA 9L AEQPLAST,"23,00"
LIXEIRA RODONDA AZUL 12L ARQPLAST,"12,00"
LIXEIRINHA DE MESA BQA. 2L ARQPLAST,"5,50"
LUSTRA MOVEIS 200ML LAVANDA AZULIM,"9,00"
LUSTRA MOVEIS SPRAY 300ML SUPER DOM,"17,50"
LUVA DE VINIL G S/PO C/100UN TALGE,"21,00"
LUVA DE VINIL M S/TALCO C/100UN TALGE,"21,00"
LUVA LATEX G PLUS SANRO LARANJA P/LIMPEZA,"11,50"
LUVA LATEX LONGA G DANNY LONGATEX,"18,50"
LUVA LATEX LONGA M DANNY LONGATEX,"18,50"
LUVA LATEX M PLUS SANRO LARANJA P/LIMPEZA,"11,50"
LUVA LATEX P LONGA  DANNY LONGATEX,"18,00"
LUVA LATEX P PLUS SANRO LARANJA P/ LIMPEZA,"11,50"
LUVA NITRILICA PRETA G 10 UN TALGE,"6,00"
LUVA NITRILICA PRETA G  S/PO C/100UN TALGE,"32,00"
LUVA NITRILICA PRETA M 10 UN TALGE,"6,00"
LUVA NITRILICA PRETA P S/PO C/100UN TALGE,"33,50"
LUVA NUTRILICA PRETA G C/100UN BOMPACK,"36,00"
LUVA PLASTICA DESCARTAVEL HDPE C/100UN MEDIX,"3,00"
LUVAS NITRILICA M S/PO C/100UN,"32,00"
MAÇARICO A GAS 11CM RECARREGAVEL,"17,00"
MAGICO REMOVEDOR DE SUJEIRA PESADA 2L,"34,50"
MAGICO REMOVEDOR DE SUJEIRA PESADA 5L,"68,00"
MANGA P CONFEITARIA C/10U,"13,00"
MARMITA PRETA 850ML C/3 DIVISORIAS C/10UN,"16,50"
MARMITEX DE ISOPOR 1100ML C/100UN COPOBRAS,"51,00"
MARMITEX DE ISOPOR 1100ML C/10UN COPOBRAS,"7,00"
MARMITEX DE ISOPOR 500ML C/100UN BOM APETITE,"44,00"
MARMITEX DE ISOPOR 500ML C/10UN,"6,00"
MARMITEX DE ISOPOR 750ML C100/UN COPOBRAS,"46,00"
MARMITEX DE ISOPOR 750ML C/10UN BOM APETITE,"6,50"
MARMITEX DE ISOPOR 750ML C/10UN COPABRAS,"6,50"
MARMITEX DE ISOPOR N8 750ML  C/100UN BOM APETITE,"48,00"
MATA MASCA C/PLAST,"2,99"
MAXIMOOM LIMPADOR FLOTADOR 2L ALCALINO,"32,00"
MAXXIMO SACO PARA LAVAR ROUPAS KIT 3 PEÇAS,"28,00"
MEGA RODO PLASTICO 60CM ALKLIN,"22,50"
MEXEDOR DRINK C/200UN PRAFESTA,"11,50"
MEXEDOR PARA CAFE C/250UN PRAFESTA,"7,00"
MINI ROLO DE MASSA,"19,99"
MOP ABRASIVO REFIL ALKLIN 1UN,"10,00"
MULTI-INSETICIDA ACAO TOTAL 350ML PRO INSET,"12,50"
MULTI-INSETICIDA CITRONELA 350ML PRO INSET,"12,20"
MULTI-INSETICIDA EUCALIPTO 350ML PRO INSET,"12,50"
MULTI-INSETICIDA NEUTRO 450ML PRO INSET,"15,00"
MULTIUSO 500ML ORIGINAL AZULIM START,"4,50"
MULTIUSO AZULIM 500ML ACAO CLAREADORA START,"4,50"
NAFTALINA AZULIM 30G START,"3,30"
NEUTRALIZADOR DE ODORES FREE PET TRAD. 500ML,"20,00"
NEUTRALIZADOR DE ODORES ONLY LAVANDA 500ML,"23,00"
ODORIZADOR DE AMBINTE PURO AR TALCO 12ML REFIL,"11,50"
ODORIZANTE DE AMBIENTE 60G GEL CARRO LAVANDA PURO AR,"12,30"
ODORIZANTE DE AMBIENTE GEL 60G CARRO NOVO,"12,30"
ODORIZANTE DE AMBIENTE GEL 60G MARINE PURO AR,"12,30"
ODORIZANTE DE AMBIENTES CAPIM LIMAO 400ML ULTRA FRESH,"11,00"
ODORIZANTE DE AMBIENTES LAVANDA 400ML ULTRA FRESH,"11,00"
ODORIZANTE DE AMBIENTES PETALAS DE ROSA 400ML ULTRA FRESH,"11,00"
ODORIZANTE DE AMBIENTES TALCO 400ML ULTRA FRESH,"11,00"
PACK LIXO PIA E BANHEIRO TUTTI-FRUITI C/80UN DIVA,"14,00"
PALITO DENTAL NATURAL BAMBU C/100UN,"1,50"
PANEIRA DE INOX 14CM,"9,00"
PANO BRANCO MULTIUSO C/600 PANOS 28CMX240CM MR.PLUS,"97,00"
PANO DE CHAO ALVEJADO CAIPIRA 45CMX68CM,"5,25"
PANO DE CHAO BRANCO ALVEJADO 45CMX69CM SOUZA PPR28,"6,70"
PANO DE CHAO XADREZ 45CMX68CM SOUZA BR2,"4,70"
PANO DE PRATO BRANCO/ESTAMPADO TATI/NACIONAL 66X38CM,"4,30"
PANO MULTIUSO AMARELO C/10UN ALKLIN,"17,60"
PANO MULTIUSO AZUL C/50 PANOS 30CMX25CM MR. PLUS TALGE,"17,00"
PANO MULTIUSO AZUL C/600 PANOS 28CMX240M MR.PLUS TALGE,"97,00"
PANO MULTIUSO BRANCO C/50 PANOS 30CMX25CM MR. PLUS TALGE,"17,00"
PANO MULTIUSO BRANCO C/50 PANOS 30CMX50CM MR.PLUS,"15,50"
PANO MULTIUSO LARANJA C/50 PANOS 30CMX25CM MR. PLUS TALGE,"17,00"
PANO MULTIUSO VERDE C/50 PANOS 30CMX25CM MR. PLUS TALGE,"17,00"
PANO PANOTEK  REUTILIZAVEL C/40UN,"12,00"
PANO PARA PIA ESTAMPADO C/3U N ALKLIN,"4,90"
PANO PARA PISO MICROFIIBRAS COLORS 48X70CM ALKLIN,"12,50"
PANOS DE MICROFIBRAS C/3UN ALKLIN,"9,99"
PAPEL ACOPLADO C/PELICULA 30X38 C/100UN,"18,50"
PAPEL ANTIADERENTE ASSALIGTH 3MX30CM WYDA,"8,50"
PAPELAO ONDULADO 24M QUADRADO,"75,00"
PAPEL DE PRESENTE (GRANDE),"4,50"
PAPEL DE PRESENTE (PEQUENO),"1,50"
PAPEL HIG. F DUPLA DELUXE C/12UN,"22,00"
PAPEL HIGIENICO BRANCO ROLAO EUROPEL 08 ROLOS,"34,00"
PAPEL HIGIENICO FOFINHO FOLHA DUPLA 4X30M,"8,50"
PAPEL HIGIENICO FOLHA DUPLA 4X30CM FOFINHO FD 24X4X30M,"185,00"
PAPEL HIGIENICO FOLHA DUPLA COTTON 4X30M,"8,80"
PAPEL HIGIENICO FOLHA DUPLA FOFINHO C/16ROLOS 10X30M,"31,99"
PAPEL HIGIENICO LUXO 8R (AZUL) EUROPEL,"40,00"
PAPEL HIGIENICO ROLAO LUXO EUROPEL 08/ROLOS,"40,00"
"PAPEL INTERFOLHADO CAI CAI FOLHA DUPLA 10X20,5CM C/800 FOLHAS","89,50"
"PAPEL MANTEIGA 7,5MX29CM WYDA","8,00"
PAPEL SEMIKRAFT 450MM MULTIUSO TOWERPACK,"22,50"
PAPEL SULFITE A4 C/500 FOLHAS REPORT,"39,00"
PAPEL TOALHA SCALA PLUS C/120 TOALHAS C/2 ROLOS,"8,00"
PASSA CERA MADEIRA SANCHES,"13,50"
PASTA DE BRILHO LIMPA E DA BRILHO 500G ALUMIL,"9,50"
PEDRA SANITARIA 25G MISTA AZULIM,"2,50"
PF-56A PACKFORM BOLO 56 ALTA PF-56A TORTA,"3,00"
PILHA AAA C/2UN ALFACELL,"2,50"
PILHA ALFACELL,"2,50"
PILHA ALFACELL SUPER ALCALINA 2UNI,"6,00"
PILHA S. ALCALINA 1.5V ALFACELL,"6,00"
"PILHA S/ALCALINA LR6 1,5V","7,00"
PINCEL DE SILICONE,"6,00"
PLASTIC COATED IRON HOOK,"9,00"
PLASTICO BOLHA 130X100M MICRA MN. PLAST,"79,00"
PLASTICO BOLHA 43X10M MICRA 20 MN. PLAST,"13,50"
PLASTICO BOLHA 65MX50M MICRA 20 MN.PLAST,"34,00"
PORTA DETERGENTE550ML C/ESPONJA OVAL,"11,00"
PORTA DETERGENTE 550ML  C/SPONJA OVAL PRETO,"11,00"
"PORTA P/2 COPOS - GARRAFAS - LATAS C/25UN 17X10X5,5 PLUMA","40,00"
POTE 100ML C/100UN COPOMAIS,"6,50"
POTE E TAMPA REDONDO 1000ML C/24UN DANUBIO,"26,50"
POTE E TAMPA REDONDO 350ML C/24UN DANUBIO,"14,50"
POTE E TAMPA REDONDO 500ML C/TAMPA C/24UN DANUBIIO,"17,00"
POTE E TAMPA REDONDO 750ML C/24UN DANUBIO,"21,50"
POTE E TAMPA RET.1000ML C/24UN GOUR MAX,"46,00"
POTE E TAMPA RET.150ML C/24UN PRAFESTA,"12,30"
POTE E TAMPA RET.250ML C/24UN PRAFESTA,"30,00"
POTE E TAMPA RET.350ML C/24UN GOUR MAX,"22,99"
POTE E TAMPA RET.350ML C/24UN PRAFESTA,"31,50"
POTE E TAMPA RET.500ML C/24UN GOUR MAX,"29,00"
POTE E TAMPA RET.500ML C/24UN PRAFESTA,"33,50"
POTE E TAMPA RET. 750ML C/24UN GOUR MAX,"42,00"
POTE ISOPOR 240ML C/25UN ULTRA,"11,00"
POTE OVAL QUALITY LINE C/10UN PRAFESTA,"2,50"
POTE QUADRADO 250ML C/24UN PRAFESTA,"16,50"
POTE REDONDO 200ML C/TAMPA C/24UN DANUBIO,"11,50"
POTE REDONDO 200ML C/TAMPA C/24UN PRAFESTA,"15,50"
POTE REDONDO 250ML C/TAMPA C/24UN,"18,50"
POTE REDONDO 250ML C/TAMPA C/24UN DANUBIO,"13,00"
POTE REDONDO 350ML C/TAMPA C/24UN PRAFESTA,"22,50"
POTE REDONDO 500ML C/TAMPA C/24UN PRAFESTA,"30,50"
POTE TERMICO 360ML C/25UN ULTRA,"14,00"
P. PROTETOR DE PVC MAXIMO,"9,00"
PRATO BRANCO FUNDO 15CM TOTALPLAST,"2,50"
PRATO BRANCO FUNDO C/10UN 15CM FAÇA FACIL,"2,30"
PRATO BRANCO FUNDO C/10UN FORFEST,"3,50"
PRATO BRANCO QUADRADO C/10UN ELITE,"6,00"
PRATO BRANCO RASO 15CM C/10UN TOTAL PLAST,"2,00"
PRATO BRANCO RASO PS 21CM C/10UN FRAFESTA,"3,30"
PRATO DE ISOPOR BPR-23 C/25UN BOM APETITE,"12,50"
PRATO QUADRADO 150MM CRISTAL C/10UN,"6,00"
PRATO QUADRADO BRANCO C10UNI,"12,00"
PRATO RASO BR.26 C/10UN FORFEST,"8,50"
PRENDEDOR DE PLASTICO C/24UN,"13,00"
PRENDEDOR DE ROUPA C/12 PÇS PRENDE MAIS,"4,99"
PRENDEDOR DE ROUPA C/24UN BLACK WHITE,"14,00"
PRENDEDOR PRENDE BEM C/12UN,"3,00"
PRNDEDOR DE ROUPA C/12UN KITPLAS,"8,50"
PROTETOR DE FELTRO C/33UN CLINK,"19,99"
PROTETOR DE FELTRO C/8UN,"7,50"
PROTETOR DE FOGAO C/12UN FOLHA DE ALUMINIO MOLDADA WYDA,"10,50"
PROTETOR DE SILICINE C/20UN,"7,50"
PROTETOR DE SILICONE C/20UN,"7,50"
PROTETOR DE SILICONE C/20 UN,"7,50"
PROTETOR DE SILICONE C/20 UN,"7,50"
PROTETOR RED. EVA 40MM FRATELLI,"4,90"
PROTETOT DE MOVEIS FELTRO C12UN 40MM,"8,00"
PULVERIZADOR DE PLASTICO 500ML CABELEIRO,"5,50"
PULVERIZADOR UNILUK 500ML C/ BICO ABRE-FECHA,"10,00"
PURUS SACO DE LAVAR ROUPA COM ZIPER,"6,99"
QUEROSENE TRADICIONAL BUFALO 500ML,"14,00"
RALO PARA PIA 115MM,"11,00"
RALO P/PIA 70MM,"7,00"
RALO P/PIA INOX 9CM,"9,00"
Raquete eletrica exocell,"26,00"
REBITES UTILIDADES C/15UN,"4,20"
REFIL RODO ALUMINIO 30CM SANCHES,"4,00"
REFIL RODO ALUMINIO 50CM SANCHES,"5,00"
REFIL RODO ALUMINIO 60CM SANCHES,"6,00"
REFIL RODO ALUMINIO 80CM SANCHES,"7,00"
REMOVEDOR DE CERAS 1L AZULIM,"16,40"
REMOVEDOR SUPREMA 500ML VERBENA,"7,90"
REMOVEDOR SUPREMA FLORATA 1L,"13,50"
REMOVEDOR SUPREMA TRADICIONAL 1L,"13,50"
REMOVEDOR TRADICIONAL  BUFALO 500ML,"14,00"
REMOVEDOR TRADICIONAL  SUPREMA 500ML,"7,90"
REMOVEDOR VERBENA 1L SUPREMA,"13,50"
REPELENTE AEROSOL PROTECT 150ML ABOVE,"18,20"
RODINHO DE PIA 16CM PLASUTIL,"8,00"
RODINHO DE PIA DECORADO PLASUTIL,"10,00"
RODINHO DE PIA NUDE PLASUTIL,"6,50"
RODO ALKLIN 30CM C/CABO,"13,00"
RODO ALKLIN 40CM C/CABO,"14,00"
"RODO ALUMINIO 30CM C/CABO 1,30MT C/ROSCA SANCHES","39,50"
"RODO ALUMINIO 40CM C/CABO 1,50 MT C/ROSCA SANCHES","41,00"
"RODO ALUMINIO 50CM C/CABO 1,50 MT C/ROSCA SANCHES","43,00"
"RODO ALUMINIO 60CM C/CABO 1,50 MT C/ROSCA SANCHES","44,00"
RODO COMB. 22CM,"44,00"
RODO DE PIA 15CM ALKLIN,"5,50"
RODO DE PIA KEITA,"6,50"
RODO DE PIA SANREMO,"6,00"
SABAO EM PO 800G BABY SOFT SACHE,"8,50"
SABAO EM PO 800G MINUANO CX,"12,00"
SABAO EM PO 800G TIXAN IPÊ,"13,50"
SABONETE LIQ. C MANGA ROSA & TANGERINA 5L  SOFT PLUS TRILHA,"30,50"
SABONETE LIQ. CREMOSO ERVA DOCE 5L  SOFT PLUS TRILHA,"30,00"
SABONETE LIQ. CREMOSO PITANGA PLUS TRILHA 5L,"30,50"
SABONETE LIQ. FRAGRANCIA ALGAS MARINHAS 500ML  LAFEH,"10,50"
SABONETE LIQ. FRAGRANCIA ERVA DOCE 500ML  LAFEH,"10,50"
SABONETE LIQ. FRAGRANCIA FLORES DO CAMPO AZUL 5L  SOFT PLUS TRILHA,"30,50"
SABONETE LIQ. FRAGRANCIA FRAMBOESA & AMORA 500ML  LAFEH,"10,50"
SABONETE LIQ. ONLY LAVANDA 2L START,"25,00"
SABONETE LIQ. PEROLADO ONLY ERVA DOCE 2L START,"25,00"
SACO BRANCO KRAFT VI 19X19CM C/100UN,"14,00"
SACO DE LIXO UNIDADE PRETO GRANDE,"2,00"
"SACO ECO KRAFT 2KG C/100UN 18,5X29CM PLUMA","12,70"
SACO ECO KRAFT 3KG C/100UN PLUMA,"14,00"
SACO ECO KRAFT PARDO C/500UN 18X98CM,"64,00"
SACO HAMBURGAO H2 C/100UN 19X12CM PLUMA,"8,00"
SACO HERMETICO M ZIPBAG C/10UN 18X23CM WYDA,"11,50"
SACO HERMETICO P ZIPBAG C/15UN WYDA,"12,20"
SACO HRMETICO G ZIPBAG C/8UN 27X31CM WYDA,"14,00"
SACO KRAFT BRANCO C/100UN 1KG 15X28CM PLUMA,"12,50"
"SACO KRAFT BRANCO C/100UN 2KG 18,5X29CM PLUMA","16,50"
SACO KRAFT ECO C/500UN 3KG 21X33CM,"77,85"
SACO KRAFT P3 C/100UN 11X15CM PLUMA,"7,00"
SACO KRAFT P3 MINI LANCHE C/100UN PLUMA,"5,00"
SACOLA 25X35 BRANCA C/500UN,"21,00"
SACOLA BRANCA 1KG 30x40,"24,00"
SACOLA BRANCA 1KG 35x45,"24,00"
SACOLA BRANCA 1KG 40x50,"24,00"
SACOLA BRANCA 1KG 45x60,"24,00"
SACOLA BRANCA 1KG 60x80,"24,00"
SACOLA BRANCA 1KG 90x100,"24,00"
SACOLA KRAF P 1UN 17X10CM PLUMA,"1,40"
SACOLA KRAFT G 1UN 24X16CM,"1,99"
SACOLA KRAFT GG 1UN  30X20X36CM,"2,50"
SACOLA KRAFT M 1UN 19X12X26CM,"1,55"
SACOLA P/1 GARRAFA DE VINHO C/10UN  DIPRIMIDA 12X7X5X38,"15,40"
SACOLA PEQUENA UNIDADE,"0,20"
SACOLA PLASTICA,"0,50"
SACOLA PLASTICA MILHEIRO BRANCA 25X35 (1.000 UNIDADES),"35,00"
SACOLA PRETA REC. 1KG,"15,50"
SACOLA S3 LISA DIPRIMA 23X11X29 C/10UN PLUMA,"16,80"
SACOLA S3 LISA DIPRIMA 23X11X29 PLUMA,"1,70"
SACOLA SOS G C/ALÇA LISA C/20UN 24X15X31 PLUMA,"38,00"
SACOLA SOS LIMA M C/ALÇA C/20UN 19X12X26 PLUMA,"29,00"
SACOLA  SOS LISA GG C/ALÇA C/20UN 30X20X36 PLUMA,"39,00"
SACOLA SOS P LISO C/ALÇA C/20UN 17X10X27 PLUMA,"27,00"
SACOLA UNIDADE GRANDE,"0,50"
SACOLA VERDE LISA 30X40 1KG+/-270UN,"26,00"
SACOLA VERDE LISA 38X48 1KG+/-165UN,"26,00"
SACOLA VERDE RECICLAVEL 1KG TAMANHOS VARIADOS,"15,50"
"SACO PARA GELADINHO PEQ. C/100UN 4X24X0,02","3,50"
SACO PARA LAVADORA DE ROUPAS MAX CLEAN,"7,00"
SACO PLASTICO PEBD 35X45CM HELVIPACK,"32,00"
SACO PLASTICO PE C/100UN P/GELAO 05X24X02,"3,50"
SACO P/LIXO 20L PRETO P5 C/50UN,"17,00"
SACO P/ LIXO PRETO 100L C/50UN,"53,50"
SACO P/ LIXO PRETO 200L C/10UN,"21,00"
SACO P/ LIXO PRETO 20L  C/100UN,"30,00"
SACO P/ LIXO PRETO P12 200L C/50UN,"100,00"
SACO P/ LIXO PRETO P6 40L C/10UN,"5,50"
SACO P/ LIXO PRETO P6 40L C/50UN,"25,00"
SACO P/ LIXO PRETO P8 60L C/10UN,"8,50"
SACO P/ LIXO PRETO P8 60L C/50UN,"36,00"
SACO SOS GG  PARDO C/10UN 17X10X24 PLUMA,"14,00"
SACO SOS G PARDO C/10UN 24X15X31CM,"10,00"
SACO SOS G PARDO PLUMA C/50UN,"47,00"
SACO SOS M PARDO C/10UN PLUMA,"7,50"
SACO SOS M PARDO C/50UN 19X12X26 PLUMA,"32,50"
SACO SOS PARDO GG C/50UN 30X20X36 PLUMA,"64,50"
SACO SOS P PARDO C/10UN PLUMA,"5,50"
SACO SOS P PARDO C/50UN 17X10X24 PLUMA,"24,00"
SACOS PARA GELADINHO C/10UN WYDA,"7,20"
SACOS PARA LIXO PRETO 20L P5 C/10UN,"4,00"
SACOS PARA TALHERES C/1000UN EXTRUSA-PACK,"15,00"
SACOS PLASTICO  200G 10x20 +/-200un,"7,00"
"SACOS PLASTICO PEBD 10X15X0,06 1KG COLOMBO","32,00"
"SACOS PLASTICO PEBD 15X20X0,06 COLOMBO/HELVIPACK","32,00"
"SACOS PLASTICO PEBD 1KG 10X20X0,06 COLOMBO/HELVIPACK","32,00"
"SACOS PLASTICO PEBD 1KG 15X30X0,06 COLOMBO/HELVIPACK","32,00"
"SACOS PLASTICO PEBD 1KG 20X30X0,06 COLOMBO/HELVIPACK","32,00"
"SACOS PLASTICO PEBD 1KG 60X80X0,10","33,50"
"SACOS PLASTICO PEBD 25X35X0,06 1KG HELVIPACK","32,00"
"SACOS PLASTICO PEBD 40X60X0,10 1KG COLOMBO/HELVIPACK","32,00"
"SACOS PLASTICO PEBD 50X70X0,10 1KG HELVIPACK","33,50"
SACOS P/LIXO 100L P8 C10UN PRETO,"12,50"
SAL EM SACHE C/200G BELLA,"3,50"
SAPONACEO CREMOSO AZULIM 300ML,"12,00"
SILICONE SPRAY 300ML SUPER DOM,"17,80"
SODA CAUSTICA VOREL 500G,"18,00"
SUPERALPFILM ESTICAVEL,"2,70"
SUPER PÁ C/CABO,"17,00"
SUPORTE LT C/ VELCRO BIG SANCHES,"20,00"
SUPORTE LT C/VELCRO SANCHES,"20,00"
TAÇA CHAMPAGNE CRISTAL 120ML C/4UN ELITE,"4,50"
TAÇA CHAMPAGNE CRISTAL 150ML C/2UN ELITE,"3,50"
TAÇA DE GIN CRISTAL 500ML 1PÇ ELITE,"4,50"
TAÇA ESPUMANTE CRISTAL 250ML C/2UN ELITE,"8,90"
TAMPA BOLHA P/ COPO 150ML/200ML 300ML  C/50UN PRAFESTA,"20,00"
TAMPA DESCARTAVELP/ COPO DE 240ML C100UN TOTAL PLAST,"9,00"
TAMPA P/COPO 100/150/180 E 200ML C/100UN COPOMAIS,"8,50"
TAMPA P/COPO 770ML C/50UN ULTRA,"14,99"
TAMPA P/ COPO TERMICO 120ML C/100UN,"12,20"
TAMPA PP 90MM TRANSPARENTE S/FURO C/50UN COPO 500ML ULTRA,"6,70"
TAMPA P/ POTE 240/300/360 E 480ML C/25UN ULTRA,"8,80"
TAMPA P/ POTE TERMICO 360/480/720ML C/20UN TOTAL PLAST,"10,50"
TAMPA P/ POTE TERMICO 360/480/720ML C/50UN TOTAL PLAST,"20,99"
TEK BOND INSTANTÂNEA 2G,"3,99"
TESOURA DESM. P/COZINHA KEHOME,"21,00"
"TESOURA MULTIFUNCIONAL 8,5 FRATELLI","15,50"
"TESOURO PROF. MULTI. 8,5 FRATELLI","15,50"
TESSOURA KITCHEN 21CM,"20,00"
TIRA FERRUGEM 50ML AZULIM,"5,99"
TIRA LIMO C/ CLORO ATIVO AZULIM 500ML,"5,00"
TIRA LIMO SPRAY 500ML AZULIM START,"10,50"
TOALHA  BOBINA BRANCA 8X20X100 FD WHITE PAPER,"55,00"
TOALHA DE PAPEL BOBINA 6X20X200 FD WHITE PAPER,"95,00"
TOALHA INTERFOLHA BRANCA PREMIUM WHITE PAPER C/1000UN,"24,00"
TOALHA INTERFOLHA BRANCA (VERDE) C/1000UN ISAPEL,"16,00"
TOALHA INTERFOLHA C/5000 FOLHAS,"65,00"
TOALHA INTERFOLHA LUXO 20X21CM C/1000FOLHAS WHITE PAPER,"22,00"
TOALHA INTERFOLHA (OURO) CELULOSE ISAPEL C/1000UN,"23,00"
TONEIRA BEBEDOURA PRETA,"6,99"
TOP LIXO BRANCO 15L C/60UN PACK LIXO,"19,00"
TOP LIXO BRANCO 30L C/30UN PACK LIXO,"19,00"
TOP LIXO PIA E BANHEIRO BRANCO C/40UN PACK LIXO,"10,00"
TOP LIXO PIA E BANHEIRO LAVANDA C/40UN PACK LIXO,"10,00"
TOP LIXO PRETO 15L C/60UN PACK LIXO,"19,00"
TOP LIXO PRETO 30L C/30UN PACK LIXO,"19,00"
TOUCA DESCARTAVEIS  C/10UN,"2,00"
TOUCAS DESCARTAVEIS C/100UN 45X50CM BOMPACK,"13,50"
UTLIZADO,"5,99"
VARAL DE PLASTICA  C/16UN PRENDEDORES,"17,99"
VARAL DE PLASTICA C18UN PRENDEDORES OVAL,"17,99"
VASSOURA  DE CASA COM CABO ALKLIN,"18,50"
VASSOURA DENTRO E FORA C/CABO ALKLIN,"14,00"
VASSOURA PIAÇAVA SINTETICA ALKLIN C/CABO,"14,00"
VASSOURA PREMIUM COM CABO ALKLIN,"15,50"
VASSOURA VARRE KANTO C/CABO ALKLIN,"14,00"
XOLHER DE MADEIRA 53-52,"7,00"
